Ticket ID,Customer Name,Customer Email,Customer Age,Customer Gender,Product Purchased,Date of Purchase,Ticket Type,Ticket Subject,Ticket Description,Ticket Status,Resolution,Ticket Priority,Ticket Channel,First Response Time,Time to Resolution,Customer Satisfaction Rating
1,Marisa Obrien,carrollallison@example.com,32,Other,GoPro Hero,2021-03-22,Technical issue,Product setup,"I'm having an issue with the {product_purchased}. Please assist.

Your billing zip code is: 71701.

We appreciate that you have requested a website address.

Please double check your email address. I've tried troubleshooting steps mentioned in the user manual, but the issue persists.",Pending Customer Response,,Critical,Social media,2023-06-01 12:15:36,,
2,Jessica Rios,clarkeashley@example.com,42,Female,LG Smart TV,2021-05-22,Technical issue,Peripheral compatibility,"I'm having an issue with the {product_purchased}. Please assist.

If you need to change an existing product.

I'm having an issue with the {product_purchased}. Please assist.

If The issue I'm facing is intermittent. Sometimes it works fine, but other times it acts up unexpectedly.",Pending Customer Response,,Critical,Chat,2023-06-01 16:45:38,,
6,Rebecca Fleming,sheenasmith@example.com,53,Male,Microsoft Office,2020-07-28,Cancellation request,Payment issue,"I'm facing a problem with my {product_purchased}. The {product_purchased} is not turning on. It was working fine until yesterday, but now it doesn't respond. To remove the new {product_purch I've checked for any available software updates for my {product_purchased}, but there are none.",Open,,Low,Social media,,,
7,Jacqueline Wright,donaldkeith@example.org,24,Other,Microsoft Surface,2020-02-23,Product inquiry,Refund request,"I'm unable to access my {product_purchased} account. It keeps displaying an 'Invalid Credentials' error, even though I'm using the correct login information. How can I regain access to my account?

Solution 1 I'm unable to find the option to perform the desired action in the {product_purchased}. Could you please guide me through the steps?",Open,,Critical,Social media,,,
8,Denise Lee,joelwilliams@example.com,23,Male,Philips Hue Lights,2020-08-09,Refund request,Battery life,"I'm having an issue with the {product_purchased}. Please assist. (Thanks) I will contact all my suppliers and confirm.

Please try and find out whether their inventory is currently stocked, or any other reason. I am I've performed a factory reset on my {product_purchased}, hoping it would resolve the problem, but it didn't help.",Open,,Critical,Social media,,,
9,Nicolas Wilson,joshua24@example.com,60,Other,Fitbit Versa Smartwatch,2020-07-16,Technical issue,Installation support,"I'm having an issue with the {product_purchased}. Please assist. Thank you.

{product_purchased} is not the exact type you might prefer, they use the exact same method for different uses. Please help I've recently updated the firmware of my {product_purchased}, and the issue started happening afterward. Could it be related to the update?",Pending Customer Response,,Low,Social media,2023-06-01 10:32:47,,
10,William Dawson,clopez@example.com,27,Male,Dyson Vacuum Cleaner,2020-03-06,Refund request,Payment issue,"My {product_purchased} is making strange noises and not functioning properly. I suspect there might be a hardware issue. Can you please help me with this?

} If we can, please send a ""request"" to dav The issue I'm facing is intermittent. Sometimes it works fine, but other times it acts up unexpectedly.",Pending Customer Response,,Critical,Phone,2023-06-01 09:25:48,,
13,Tamara Hahn,jensenwilliam@example.net,27,Other,Nintendo Switch Pro Controller,2021-05-26,Technical issue,Hardware issue,"I'm having an issue with the {product_purchased}. Please assist.

CQW: Why didn't I send him the invoice? Thanks a lot.

L: He's like the best customer I've met. I've noticed that the issue occurs consistently when I use a specific feature or application on my {product_purchased}.",Pending Customer Response,,Low,Chat,2023-06-01 19:03:53,,
14,Sandra Barnes,gwendolyn51@example.net,65,Other,Nest Thermostat,2020-07-13,Technical issue,Product setup,"I've recently set up my {product_purchased}, but it fails to connect to any available networks. What steps should I take to troubleshoot this issue?

I can't find the 'Product_IP' field of the I'm concerned about the security of my {product_purchased} and would like to ensure that my data is safe.",Pending Customer Response,,Low,Chat,2023-06-01 20:34:54,,
16,Elizabeth Foley,amy41@example.net,18,Other,GoPro Action Camera,2021-06-24,Billing inquiry,Product recommendation,"I'm having an issue with the {product_purchased}. Please assist.


Please note, you might have already paid for this product, which means spectators are not buying any of the products from the sale as their donations will go straight I've noticed a sudden decrease in battery life on my {product_purchased}. It used to last much longer.",Pending Customer Response,,High,Social media,2023-06-01 15:09:57,,
18,Joshua Castillo,mooredeborah@example.org,56,Female,Microsoft Xbox Controller,2020-09-07,Product inquiry,Payment issue,"I'm having an issue with the {product_purchased}. Please assist. Thanks!""

* [0] - [0] - [0] - [0]

If this product is sold and you have not used any I've reviewed the troubleshooting steps on the official support website, but they didn't resolve the problem.",Pending Customer Response,,High,Chat,2023-06-01 21:05:01,,
19,Wendy Davis,brenda20@example.net,19,Male,LG Washing Machine,2021-09-23,Product inquiry,Peripheral compatibility,"I'm having an issue with the {product_purchased}. Please assist. I want to be an active member of our community on YouTube... The issue I'm facing is intermittent. Sometimes it works fine, but other times it acts up unexpectedly.",Open,,High,Social media,,,
21,Suzanne Holmes,rogermcgrath@example.net,28,Other,HP Pavilion,2021-05-31,Refund request,Payment issue,"I'm having an issue with the {product_purchased}. Please assist.

"" -name ""Microsoft Surface Pro. ""

"" -version 1.10.2 ""1.10.2""

"" -usage I've checked for any available software updates for my {product_purchased}, but there are none.",Pending Customer Response,,High,Chat,2023-06-01 05:08:05,,
22,Tanner Conley,zbond@example.net,66,Male,Fitbit Versa Smartwatch,2020-02-04,Cancellation request,Installation support,"I'm having an issue with the {product_purchased}. Please assist.

The email address should change to: customer@julietr.com, as there is a unique id number unique for each product.

You I've tried different settings and configurations on my {product_purchased}, but the issue persists.",Pending Customer Response,,Critical,Social media,2023-05-31 23:57:07,,
23,Stephanie Nelson DVM,ljohnson@example.org,54,Female,Xbox,2020-02-11,Cancellation request,Delivery problem,"I'm having an issue with the {product_purchased}. Please assist. (And if need be this time, that could help.)

1.3.2.1 Update my version to 3.0 or more. The issue I'm facing is intermittent. Sometimes it works fine, but other times it acts up unexpectedly.",Open,,Medium,Social media,,,
24,Antonio Scott,carlsonmatthew@example.org,63,Female,Nintendo Switch Pro Controller,2021-08-06,Technical issue,Refund request,"I'm having an issue with the {product_purchased}. Please assist.

I'll take care of those. I've performed a factory reset on my {product_purchased}, hoping it would resolve the problem, but it didn't help.",Pending Customer Response,,Low,Social media,2023-06-01 09:06:09,,
25,John Cuevas,lbarron@example.org,19,Male,Amazon Kindle,2021-05-25,Product inquiry,Display issue,"I'm having an issue with the {product_purchased}. Please assist. {product_purchased} does not represent the price which you received by the day immediately before the shipment date.

In many cases, this is the I've noticed a sudden decrease in battery life on my {product_purchased}. It used to last much longer.",Open,,Critical,Email,,,
26,Gregory Bautista,johnstonbeth@example.com,35,Other,HP Pavilion,2021-07-05,Product inquiry,Refund request,"My {product_purchased} is making strange noises and not functioning properly. I suspect there might be a hardware issue. Can you please help me with this? Thank you,

Thank you for posting.

It took me a I'm experiencing this issue on multiple devices of the same model, so it seems to be a widespread problem.",Pending Customer Response,,Medium,Social media,2023-06-01 19:02:12,,
27,Ryan Sharp,pmercado@example.org,22,Other,Lenovo ThinkPad,2020-05-02,Billing inquiry,Cancellation request,"I'm encountering a software bug in the {product_purchased}. Whenever I try to perform a specific action, the application crashes. Are there any updates or fixes available?

On Windows Vista, this is not possible. If you are I've performed a factory reset on my {product_purchased}, hoping it would resolve the problem, but it didn't help.",Pending Customer Response,,Low,Social media,2023-06-01 20:02:13,,
28,Michael Mcdowell,jeffersonmichael@example.net,21,Other,Fitbit Charge,2020-10-12,Cancellation request,Product setup,"I'm having an issue with the {product_purchased}. Please assist. {{product_purchased}} must be a valid email address for your order and are valid for one week in advance. Please make your purchases as quickly as possible The issue I'm facing is intermittent. Sometimes it works fine, but other times it acts up unexpectedly.",Open,,High,Phone,,,
31,Wendy Roberts,jessicahenderson@example.net,22,Other,Adobe Photoshop,2021-01-28,Billing inquiry,Product setup,"I'm having an issue with the {product_purchased}. Please assist.

I'm using a brand new product. What a strange situation.

I've just purchased a brand new one.

What to do? I've noticed that the issue occurs consistently when I use a specific feature or application on my {product_purchased}.",Open,,Low,Email,,,
33,Christina Gray,greenkeith@example.net,36,Female,Fitbit Charge,2021-12-07,Billing inquiry,Product recommendation,I've noticed a software bug in the {product_purchased} app. It's causing data loss and unexpected errors. How can I resolve this issue? I need assistance as soon as possible because it's affecting my work and productivity.,Pending Customer Response,,Medium,Chat,2023-06-01 19:36:21,,
35,Stacy Jones,fernandezmark@example.org,27,Male,Microsoft Xbox Controller,2021-04-09,Refund request,Installation support,"I'm having an issue with the {product_purchased}. Please assist.

3-3 We are in, the first day, at the {product_purchased}. Please assist.

3-2 Please assist us I've recently updated the firmware of my {product_purchased}, and the issue started happening afterward. Could it be related to the update?",Pending Customer Response,,Low,Chat,2023-06-01 20:50:24,,
37,Ruben Henry,katherinehoward@example.net,65,Female,Canon EOS,2020-03-14,Refund request,Hardware issue,"I'm having an issue with the {product_purchased}. Please assist. I have to ask for support from you, the customers, before the item's arrival and I can't do that. In the short term, will you pay me I've followed the troubleshooting steps mentioned in the user manual, but the issue persists.",Pending Customer Response,,Medium,Email,2023-06-01 15:51:28,,
38,Morgan Wagner,elizabethlamb@example.com,39,Female,Amazon Kindle,2020-09-02,Product inquiry,Product compatibility,"I've forgotten my password for my {product_purchased} account, and the password reset option is not working. How can I recover my account? I can reset my password by entering the following: My password still valid: password is expired I've recently updated the firmware of my {product_purchased}, and the issue started happening afterward. Could it be related to the update?",Open,,Medium,Chat,,,
40,Michael Oneal,stevenburns@example.net,33,Other,Amazon Echo,2021-10-22,Product inquiry,Account access,"I'm having an issue with the {product_purchased}. Please assist. I have a new account in the system and a new user. I'm having this issue

Error:

[System.CollectedMessage.ThrowBack I'm concerned about the security of my {product_purchased} and would like to ensure that my data is safe.",Pending Customer Response,,Medium,Social media,2023-05-31 22:19:32,,
41,Casey Tran,shawn54@example.net,19,Female,PlayStation,2021-02-07,Product inquiry,Installation support,"I've recently set up my {product_purchased}, but it fails to connect to any available networks. What steps should I take to troubleshoot this issue?

The next step is to resolve this issue if the user is not I've noticed that the issue occurs consistently when I use a specific feature or application on my {product_purchased}.",Pending Customer Response,,Low,Phone,2023-06-01 09:11:33,,
43,Justin Giles,woodmargaret@example.org,22,Male,Samsung Galaxy,2020-10-10,Product inquiry,Product compatibility,"I'm having an issue with the {product_purchased}. Please assist.

The product_purchased attribute does not exist on your user's product. This is so that you can configure the {product_purchased} I need assistance as soon as possible because it's affecting my work and productivity.",Pending Customer Response,,Medium,Phone,2023-06-01 18:41:35,,
44,Michael Allison,abowen@example.org,54,Female,iPhone,2020-01-16,Technical issue,Hardware issue,"I'm having an issue with the {product_purchased}. Please assist. Thank you.""

The issue occurred after Amazon started a tool to deal with a problem like this (see page 36 of the FAQ): ""The product is not I've recently updated the firmware of my {product_purchased}, and the issue started happening afterward. Could it be related to the update?",Open,,Low,Email,,,
46,Timothy Sutton,david40@example.org,65,Female,LG Smart TV,2021-02-01,Product inquiry,Cancellation request,"I'm having an issue with the {product_purchased}. Please assist. Thanks"".

""As a result I'm having an issue with the 1.0 patch. Please assist.""

""All I'm asking is to update I'm concerned about the security of my {product_purchased} and would like to ensure that my data is safe.",Open,,Low,Chat,,,
49,Noah Mcknight,juliepowers@example.org,32,Other,LG OLED,2021-02-15,Cancellation request,Network problem,"I'm having an issue with the {product_purchased}. Please assist.

Please. Don't.

Don't see my issue? Please contact me. I'm unable to find the option to perform the desired action in the {product_purchased}. Could you please guide me through the steps?",Open,,High,Chat,,,
50,Katie Johnson,thomas46@example.net,44,Male,Microsoft Office,2020-09-27,Technical issue,Display issue,"I'm having an issue with the {product_purchased}. Please assist. If you've received a refund, please contact Customer Service. Otherwise, please call us at 303.938.2837. I'm having an issue with the I'm concerned about the security of my {product_purchased} and would like to ensure that my data is safe.",Open,,Medium,Chat,,,
51,Kayla Dunn,ramirezphilip@example.net,66,Male,Sony Xperia,2020-12-22,Refund request,Software bug,"I'm encountering a software bug in the {product_purchased}. Whenever I try to perform a specific action, the application crashes. Are there any updates or fixes available?

There are several packages that run in memory by default. These I'm experiencing this issue on multiple devices of the same model, so it seems to be a widespread problem.",Open,,Medium,Chat,,,
55,Carrie Ayers,natasha18@example.com,68,Female,Microsoft Xbox Controller,2021-10-14,Technical issue,Network problem,"I've noticed a software bug in the {product_purchased} app. It's causing data loss and unexpected errors. How can I resolve this issue? For those who live in the U.S., you can use the {product_ I'm unable to find the option to perform the desired action in the {product_purchased}. Could you please guide me through the steps?",Pending Customer Response,,Low,Chat,2023-06-01 07:25:51,,
56,Sarah Cole,williamscynthia@example.org,50,Female,Nintendo Switch Pro Controller,2021-11-19,Cancellation request,Software bug,"I'm having an issue with the {product_purchased}. Please assist. The requested address will be returned within 3 â€“ 9 business days. Please do not hesitate to contact us using the appropriate form.

(9 weeks from purchase time I'm unable to find the option to perform the desired action in the {product_purchased}. Could you please guide me through the steps?",Pending Customer Response,,Critical,Chat,2023-06-01 11:14:53,,
57,Alison Ford,mcgeebrandon@example.org,69,Male,Autodesk AutoCAD,2021-12-22,Technical issue,Software bug,I'm having an issue with the {product_purchased}. Please assist. I've noticed that the issue occurs consistently when I use a specific feature or application on my {product_purchased}.,Pending Customer Response,,Medium,Social media,2023-06-01 10:33:53,,
58,Lori Young,pthomas@example.org,47,Other,GoPro Action Camera,2020-07-28,Refund request,Peripheral compatibility,"I'm having an issue with the {product_purchased}. Please assist.

Thank you! This product was added to your friend's shopping cart at your friend's favorite store.

Sorry, your account is not loaded. I've followed the troubleshooting steps mentioned in the user manual, but the issue persists.",Open,,Critical,Email,,,
62,Sarah Williams,akelly@example.net,41,Other,Lenovo ThinkPad,2021-11-21,Product inquiry,Battery life,"I'm having an issue with the {product_purchased}. Please assist.

I was able to get my $50 bag from the vendor, but the bags I was wearing in the show were covered in stickers and the price for those I've tried different settings and configurations on my {product_purchased}, but the issue persists.",Pending Customer Response,,Critical,Social media,2023-06-01 01:32:02,,
64,Victoria Parker,tiffany87@example.com,57,Female,Adobe Photoshop,2020-04-24,Billing inquiry,Hardware issue,"I'm having an issue with the {product_purchased}. Please assist.

4.1.7 Add a custom app icon to the app window. Click App Manager. You'll see a list of all of the new apps ( I've checked the device settings and made sure that everything is configured correctly.",Pending Customer Response,,High,Phone,2023-06-01 07:07:05,,
65,David Smith,jacob67@example.net,61,Male,Microsoft Xbox Controller,2021-08-02,Technical issue,Product compatibility,"I'm facing a problem with my {product_purchased}. The {product_purchased} is not turning on. It was working fine until yesterday, but now it doesn't respond. I'm working around this problem by switching off I've noticed a peculiar error message popping up on my {product_purchased} screen. It says '{error_message}'. What does it mean?",Open,,Medium,Phone,,,
66,Jeffrey Hernandez,perezdana@example.org,56,Male,Apple AirPods,2021-11-11,Technical issue,Battery life,"There seems to be a glitch in the {product_purchased} software. It freezes frequently, making it difficult to use. Can you please provide a solution?

""I'd love to do this on my own. It's a I've noticed a peculiar error message popping up on my {product_purchased} screen. It says '{error_message}'. What does it mean?",Pending Customer Response,,Medium,Phone,2023-05-31 22:38:07,,
68,Ryan Gonzalez,pwilson@example.com,54,Male,Microsoft Office,2021-06-27,Cancellation request,Peripheral compatibility,"I've accidentally deleted important data from my {product_purchased}. Is there any way to recover the deleted files? I need them urgently. What can I do to recover them?

Product purchases are never recoverable from the database. I'm worried that the issue might be hardware-related and might require repair or replacement.",Pending Customer Response,,Low,Phone,2023-06-01 21:04:10,,
69,Brianna Scott MD,jbranch@example.net,51,Other,Adobe Photoshop,2021-02-06,Technical issue,Product compatibility,"I'm having an issue with the {product_purchased}. Please assist. If your product is purchased with the {product_purchased}, the {product_purchased} will be refunded.

7) Pay it I've performed a factory reset on my {product_purchased}, hoping it would resolve the problem, but it didn't help.",Pending Customer Response,,Critical,Chat,2023-05-31 23:00:12,,
71,Eileen Kim,gabriel83@example.com,27,Male,Google Pixel,2021-05-15,Cancellation request,Product setup,"I've accidentally deleted important data from my {product_purchased}. Is there any way to recover the deleted files? I need them urgently. What about my {search } files?

The {product_purchased} is the I'm using the original charger that came with my {product_purchased}, but it's not charging properly.",Pending Customer Response,,Medium,Chat,2023-05-31 23:49:14,,
72,Joseph Costa,calvarez@example.org,37,Other,iPhone,2020-09-26,Refund request,Delivery problem,"I've recently set up my {product_purchased}, but it fails to connect to any available networks. What steps should I take to troubleshoot this issue? I've tried clearing the cache and data for the {product_purchased} app, but the issue persists.",Open,,Medium,Social media,,,
75,Vanessa Hayes,donaldroberts@example.net,31,Female,Xbox,2021-04-16,Billing inquiry,Product setup,"I'm having an issue with the {product_purchased}. Please assist. Please, take care of such requests.

[1] M.V.V.

[2] The above-mentioned is made up with specific I've checked the device settings and made sure that everything is configured correctly.",Open,,Critical,Email,,,
77,Matthew Scott,brookeross@example.net,18,Other,iPhone,2020-06-30,Cancellation request,Account access,"I'm having an issue with the {product_purchased}. Please assist. I've got a customer who has sent me a $25 invoice! I want to know if this will correct this.

I just downloaded the demo and I I'm experiencing this issue on multiple devices of the same model, so it seems to be a widespread problem.",Open,,Critical,Phone,,,
79,John Goodman,vgarcia@example.com,55,Other,Google Pixel,2021-01-07,Billing inquiry,Data loss,"I'm having an issue with the {product_purchased}. Please assist. Thank you

The customer's rating and reviews are important, but they don't have an impact on your credit score

For over mogul financial companies who have I've performed a factory reset on my {product_purchased}, hoping it would resolve the problem, but it didn't help.",Pending Customer Response,,Medium,Social media,2023-06-01 16:57:26,,
80,Catherine Stephens,hmccann@example.com,40,Other,LG Smart TV,2020-11-03,Technical issue,Software bug,"I'm having an issue with the {product_purchased}. Please assist.

This is for the best experience and you can't use your phone while waiting for deliveries or when you pick it up.

Please help by posting a I've tried using different cables, adapters, or peripherals with my {product_purchased}, but the issue persists.",Pending Customer Response,,Critical,Chat,2023-06-01 11:27:28,,
81,Sarah Lee,dclark@example.net,50,Other,Microsoft Office,2021-03-22,Technical issue,Product recommendation,I'm having an issue with the {product_purchased}. Please assist. I'm unable to find the option to perform the desired action in the {product_purchased}. Could you please guide me through the steps?,Pending Customer Response,,Critical,Phone,2023-06-01 07:27:28,,
82,Kiara Parker,gonzalezlarry@example.org,29,Other,Apple AirPods,2021-07-22,Cancellation request,Cancellation request,"I'm encountering a software bug in the {product_purchased}. Whenever I try to perform a specific action, the application crashes. Are there any updates or fixes available? I don't know about any updates to the product. It's hard I'm unable to find the option to perform the desired action in the {product_purchased}. Could you please guide me through the steps?",Pending Customer Response,,Medium,Email,2023-06-01 11:37:29,,
84,James Jones,dsilva@example.org,57,Other,Autodesk AutoCAD,2021-08-11,Technical issue,Installation support,"I'm having an issue with the {product_purchased}. Please assist. Your product may be available on other websites with the same keyword or your brand.

Thank you. I've noticed a sudden decrease in battery life on my {product_purchased}. It used to last much longer.",Pending Customer Response,,Critical,Phone,2023-06-01 00:24:32,,
85,David Taylor,kaylapham@example.com,67,Other,Microsoft Surface,2021-08-02,Technical issue,Hardware issue,"I'm facing issues logging into my {product_purchased} account. It says my account is locked. What should I do to unlock it?

Please log into your login browser and check to see if the account has been locked. I'm experiencing this issue on multiple devices of the same model, so it seems to be a widespread problem.",Open,,Medium,Phone,,,
86,Richard Mullen,cschmidt@example.com,67,Female,Canon EOS,2021-01-22,Product inquiry,Peripheral compatibility,"I've forgotten my password for my {product_purchased} account, and the password reset option is not working. How can I recover my account?

If you have not used login tokens for the previous 12 months, the login token I've reviewed the troubleshooting steps on the official support website, but they didn't resolve the problem.",Open,,High,Social media,,,
88,Steven Thompson,vaustin@example.org,55,Other,Philips Hue Lights,2020-09-10,Technical issue,Delivery problem,"I'm facing a problem with my {product_purchased}. The {product_purchased} is not turning on. It was working fine until yesterday, but now it doesn't respond.

I'm using a phone now, I'm unable to find the option to perform the desired action in the {product_purchased}. Could you please guide me through the steps?",Pending Customer Response,,High,Social media,2023-06-01 19:21:36,,
89,Renee White,chelsea84@example.org,42,Other,Nikon D,2021-08-01,Billing inquiry,Product setup,"I'm having an issue with the {product_purchased}. Please assist.

Product Purchasing Error Product Purchasing Error Yes | No 28 - 30 28 - 30 32 | Product Purchasing Error | Product Purchase Error I've reviewed the troubleshooting steps on the official support website, but they didn't resolve the problem.",Open,,Critical,Email,,,
91,Sandra Bass,jamesbaxter@example.com,57,Other,Sony Xperia,2020-10-15,Refund request,Software bug,"I've forgotten my password for my {product_purchased} account, and the password reset option is not working. How can I recover my account? - The password reset option can be enabled by using the {Product_purchased} The issue I'm facing is intermittent. Sometimes it works fine, but other times it acts up unexpectedly.",Pending Customer Response,,High,Phone,2023-06-01 07:15:41,,
92,Madeline Osborne,tyler12@example.net,62,Male,iPhone,2021-11-14,Product inquiry,Display issue,"I'm having an issue with the {product_purchased}. Please assist.


(Beware when I accidentally add a link to your product and the item you selected incorrectly, you may see some data about missing items and it may require This problem started occurring after the recent software update. I haven't made any other changes to the device.",Pending Customer Response,,Low,Email,2023-06-01 00:14:43,,
93,Sydney Wagner,paul73@example.com,44,Male,Bose QuietComfort,2021-05-27,Technical issue,Peripheral compatibility,"I'm having an issue with the {product_purchased}. Please assist.

Here are some additional notes about using the product in order to purchase the product:


The ""new"" name of the product is used. This name I've noticed a sudden decrease in battery life on my {product_purchased}. It used to last much longer.",Pending Customer Response,,Low,Email,2023-06-01 15:57:45,,
94,Jeremy Good,michael25@example.net,32,Female,PlayStation,2021-05-24,Refund request,Installation support,"I'm having an issue with the {product_purchased}. Please assist. In-app purchases don't always match up with your new product. In-app purchases are very costly.

Make sure you also check if your product is I've noticed a peculiar error message popping up on my {product_purchased} screen. It says '{error_message}'. What does it mean?",Open,,Low,Email,,,
95,Scott Estrada,davidcox@example.org,65,Other,Microsoft Xbox Controller,2021-12-06,Product inquiry,Account access,"I'm having an issue with the {product_purchased}. Please assist. </name> <product_purchased_url >http://www.kyle@junebug.com/tutorial/cure-all- I've tried troubleshooting steps mentioned in the user manual, but the issue persists.",Open,,Critical,Phone,,,
97,Charles Simpson,vanessa39@example.net,18,Female,Roomba Robot Vacuum,2020-10-25,Cancellation request,Battery life,"I'm facing a problem with my {product_purchased}. The {product_purchased} is not turning on. It was working fine until yesterday, but now it doesn't respond. I'm thinking maybe they have a bug. I'm concerned about the security of my {product_purchased} and would like to ensure that my data is safe.",Open,,High,Social media,,,
98,Dan Newton,deleonedward@example.net,22,Other,Xbox,2020-01-18,Product inquiry,Delivery problem,"I've recently set up my {product_purchased}, but it fails to connect to any available networks. What steps should I take to troubleshoot this issue?

Step 1: You need to make sure that the DNS query you I've reviewed the troubleshooting steps on the official support website, but they didn't resolve the problem.",Pending Customer Response,,High,Email,2023-06-01 01:55:51,,
100,Eric Saunders,mark94@example.org,23,Other,Samsung Soundbar,2020-05-15,Technical issue,Hardware issue,"I'm having an issue with the {product_purchased}. Please assist.

Thank you for your visit. I've noticed a peculiar error message popping up on my {product_purchased} screen. It says '{error_message}'. What does it mean?",Pending Customer Response,,Low,Chat,2023-06-01 15:32:53,,
101,Maria Martinez,patriciathompson@example.org,39,Female,Dyson Vacuum Cleaner,2020-05-31,Cancellation request,Delivery problem,"I'm having an issue with the {product_purchased}. Please assist. I'm using what is on my phone right now. I also have an issue with a product that was sold out of style, not due to an oversize. I've tried clearing the cache and data for the {product_purchased} app, but the issue persists.",Pending Customer Response,,High,Email,2023-06-01 21:36:55,,
102,Danielle Rogers,andersoncourtney@example.org,18,Other,iPhone,2021-08-01,Billing inquiry,Software bug,"I'm having an issue with the {product_purchased}. Please assist.

As expected, an error message says: 'No product available.

'

In the case of this issue, the

'user- I rely heavily on my {product_purchased} for my daily tasks, and this issue is hindering my productivity.",Pending Customer Response,,Critical,Phone,2023-06-01 21:00:57,,
104,James Harris,jason93@example.org,49,Male,Dyson Vacuum Cleaner,2020-02-24,Refund request,Battery life,"I'm having an issue with the {product_purchased}. Please assist.

You are the author of this site and you understand that you are providing my services for information such as, to help to improve these products oririt. I've checked the device settings and made sure that everything is configured correctly.",Open,,High,Chat,,,
105,Jill Glenn,malloryrogers@example.net,58,Male,Fitbit Charge,2021-06-27,Refund request,Product recommendation,"I'm encountering a software bug in the {product_purchased}. Whenever I try to perform a specific action, the application crashes. Are there any updates or fixes available? How are the current product releases handled? Do you plan to support new I've tried different settings and configurations on my {product_purchased}, but the issue persists.",Open,,High,Phone,,,
106,Virginia Miller,lisahamilton@example.com,56,Other,Dyson Vacuum Cleaner,2021-07-17,Product inquiry,Battery life,I'm having an issue with the {product_purchased}. Please assist. I need assistance as soon as possible because it's affecting my work and productivity.,Pending Customer Response,,Critical,Chat,2023-06-01 02:08:01,,
108,Laura Collins,douglasmccormick@example.net,50,Other,LG Smart TV,2021-06-09,Technical issue,Account access,"I'm having an issue with the {product_purchased}. Please assist. I've checked for software updates, and my {product_purchased} is already running the latest version.",Pending Customer Response,,High,Email,2023-06-01 15:49:01,,
110,Mario Hodge,kingthomas@example.com,59,Female,Bose SoundLink Speaker,2020-03-10,Product inquiry,Account access,The {product_purchased} is unable to establish a stable internet connection. It keeps disconnecting intermittently. How can I troubleshoot this network problem? You should write a command to: https://mycli.org/. I've noticed a peculiar error message popping up on my {product_purchased} screen. It says '{error_message}'. What does it mean?,Open,,High,Email,,,
112,Autumn Heath,matthew17@example.com,68,Male,Nintendo Switch Pro Controller,2021-11-29,Refund request,Display issue,"I'm having an issue with the {product_purchased}. Please assist.

Sorry, there is an issue with retrieving posts.

Add a comment

Post a new comment. I need assistance as soon as possible because it's affecting my work and productivity.",Open,,High,Phone,,,
113,Lisa Cantrell,cheryl25@example.net,68,Female,Samsung Galaxy,2020-03-24,Product inquiry,Display issue,"I'm having an issue with the {product_purchased}. Please assist.

Please follow the instructions on this page for using the product. If you find it un-useful, please provide the information here.

Cance I've noticed a sudden decrease in battery life on my {product_purchased}. It used to last much longer.",Open,,Medium,Social media,,,
116,Anthony Miller,xelliott@example.net,29,Male,iPhone,2021-01-16,Technical issue,Delivery problem,"I'm having an issue with the {product_purchased}. Please assist.

Click here for additional information, such as shipping information.

Click here for further information on your warranty. I've followed the troubleshooting steps mentioned in the user manual, but the issue persists.",Open,,Critical,Email,,,
119,Pedro Adams,amcgee@example.net,39,Female,HP Pavilion,2020-08-17,Refund request,Data loss,"I'm having an issue with the {product_purchased}. Please assist. 1) Remove the {product_purchased_id}. Please assist. 2) Add the {product_purchased}.Please assist. I've followed the troubleshooting steps mentioned in the user manual, but the issue persists.",Open,,High,Email,,,
121,Anthony Harding,zachary60@example.net,56,Male,Amazon Kindle,2021-03-11,Billing inquiry,Refund request,"I'm having an issue with the {product_purchased}. Please assist. If there's a way to get this up, please let me know. Thanks!

Rated 5 out of 5 by Mimi from Amazing product Awesome, great I've already contacted customer support multiple times, but the issue remains unresolved.",Pending Customer Response,,Medium,Chat,2023-06-01 18:02:19,,
122,Alexander Blake,khenderson@example.org,37,Other,Bose SoundLink Speaker,2021-03-03,Product inquiry,Peripheral compatibility,"I'm having an issue with the {product_purchased}. Please assist.

- Added more features, like:

- New filters for display/filter

- Added more filters for other filters

- New filters that I've performed a factory reset on my {product_purchased}, hoping it would resolve the problem, but it didn't help.",Open,,Critical,Chat,,,
123,Hunter Meza,dholmes@example.org,29,Other,Dell XPS,2020-10-03,Refund request,Installation support,"I've noticed a software bug in the {product_purchased} app. It's causing data loss and unexpected errors. How can I resolve this issue?

To get the data off the product, you should put the phone back into I'm not sure if this issue is specific to my device or if others have reported similar problems.",Open,,Low,Social media,,,
124,Molly Ramos,steven13@example.org,36,Other,Samsung Galaxy,2021-12-27,Product inquiry,Battery life,"I'm having an issue with the {product_purchased}. Please assist.

* As of 12.09.2017, this is affected by:

* [1]

* [2]

* [3 I've performed a factory reset on my {product_purchased}, hoping it would resolve the problem, but it didn't help.",Pending Customer Response,,Low,Email,2023-06-01 13:08:24,,
125,Julia Matthews,gkane@example.org,63,Male,Dyson Vacuum Cleaner,2021-03-23,Technical issue,Product setup,"I'm having an issue with the {product_purchased}. Please assist. -D -D -C -S #define DO_DIRECTX_BOTTOM 1 //[0 or 1] Partially subverts the black contour I've tried different settings and configurations on my {product_purchased}, but the issue persists.",Pending Customer Response,,High,Phone,2023-06-01 02:14:26,,
126,Austin Murphy,daniel46@example.com,45,Male,Philips Hue Lights,2020-06-27,Refund request,Display issue,"I'm having an issue with the {product_purchased}. Please assist.

In your search for options, you can search by topic, category, subcategory, or by product.

Do you want any additional information like your I've tried clearing the cache and data for the {product_purchased} app, but the issue persists.",Open,,Medium,Chat,,,
127,Melanie Garcia,walljohn@example.net,68,Female,Lenovo ThinkPad,2020-06-22,Billing inquiry,Cancellation request,"I'm having an issue with the {product_purchased}. Please assist.

[28] https://www.wizards.com/en-US/Product/World/The-Oblivion.pau/Product I've followed the troubleshooting steps mentioned in the user manual, but the issue persists.",Open,,Low,Social media,,,
128,Mark Garcia,abigailbowen@example.net,57,Male,Xbox,2020-09-28,Refund request,Cancellation request,"I'm having an issue with the {product_purchased}. Please assist.

1. Select a product and wait for the results until it has opened up.

2. Enter your email, the username, and the product type The issue I'm facing is intermittent. Sometimes it works fine, but other times it acts up unexpectedly.",Pending Customer Response,,Low,Email,2023-06-01 03:09:31,,
130,Sandra Buchanan,andrewacosta@example.net,55,Other,Amazon Echo,2021-05-05,Cancellation request,Cancellation request,"I'm having an issue with the {product_purchased}. Please assist. This is a non-issue. I'll be able to fix it soon. I will have to pay someone for doing it again.BDN's response:We I'm using the original charger that came with my {product_purchased}, but it's not charging properly.",Pending Customer Response,,Low,Email,2023-06-01 07:38:35,,
132,Jill Baldwin,stephaniefitzpatrick@example.net,49,Male,LG Smart TV,2021-11-24,Product inquiry,Battery life,"I'm having an issue with the {product_purchased}. Please assist. I'm having an issue with the product_purchased}. Please assist. ""

User Info: zerogel zerogel 3 years ago I've recently updated the firmware of my {product_purchased}, and the issue started happening afterward. Could it be related to the update?",Pending Customer Response,,Critical,Social media,2023-06-01 20:57:38,,
133,Aaron Hensley,tamara40@example.org,65,Female,PlayStation,2021-05-01,Cancellation request,Data loss,"There seems to be a hardware problem with my {product_purchased}. The screen is flickering, and I'm unable to use it. What should I do?

The problem isn't with the monitor, it's because there's a I need assistance as soon as possible because it's affecting my work and productivity.",Open,,Medium,Phone,,,
136,Jessica Gomez,mrivera@example.org,35,Female,Samsung Galaxy,2021-10-30,Product inquiry,Software bug,"I've encountered a data loss issue with my {product_purchased}. All the files and documents seem to have disappeared. Can you guide me on how to retrieve them? If you can't identify them, what are you going to do? I've performed a factory reset on my {product_purchased}, hoping it would resolve the problem, but it didn't help.",Pending Customer Response,,Low,Chat,2023-06-01 02:05:43,,
137,Andrew Turner,ajenkins@example.com,46,Other,Bose SoundLink Speaker,2020-10-01,Cancellation request,Software bug,"I'm having an issue with the {product_purchased}. Please assist.

Product Price: $33.00 I'm unable to find the option to perform the desired action in the {product_purchased}. Could you please guide me through the steps?",Open,,Critical,Email,,,
140,Amanda Miller,bishoprobin@example.com,31,Other,LG OLED,2021-03-12,Cancellation request,Battery life,"I'm having an issue with the {product_purchased}. Please assist. [10:44:17 PM][Editor's note: There was an error in the first 2 posts. Click here to confirm.] The code we were referring to I'm using the original charger that came with my {product_purchased}, but it's not charging properly.",Pending Customer Response,,Low,Phone,2023-06-01 19:46:49,,
143,Emily Hood,solismatthew@example.net,38,Female,Roomba Robot Vacuum,2021-04-26,Billing inquiry,Product compatibility,"I'm having an issue with the {product_purchased}. Please assist.


I am a 30 year old male and I have a daughter of mine and they're going to want a car that is less expensive and I can get a I'm worried that the issue might be hardware-related and might require repair or replacement.",Pending Customer Response,,High,Chat,2023-06-01 14:31:54,,
144,David Black,crystaledwards@example.org,38,Female,Canon DSLR Camera,2021-05-05,Cancellation request,Account access,"I'm having an issue with the {product_purchased}. Please assist.

Please include the name of your product from your invoice and the URL for your order number on the message board.

Please include the name and address of I'm using the original charger that came with my {product_purchased}, but it's not charging properly.",Open,,Critical,Email,,,
145,Gregory Maynard,michael71@example.org,25,Female,Canon EOS,2021-04-02,Refund request,Data loss,"I'm having an issue with the {product_purchased}. Please assist. The {product_purchased}.

3

1

1

1

10 x 11x 14 x 8 10 x 13 10 I've performed a factory reset on my {product_purchased}, hoping it would resolve the problem, but it didn't help.",Open,,Low,Social media,,,
146,Gregory Zhang,marie15@example.org,46,Male,Philips Hue Lights,2020-10-12,Cancellation request,Refund request,"I'm having an issue with the {product_purchased}. Please assist.

If nothing else, please do.

(Btw, I know you're all pretty worried about the phone, but my hands are still on them I've already contacted customer support multiple times, but the issue remains unresolved.",Pending Customer Response,,Medium,Email,2023-06-01 15:24:59,,
147,Katherine Gould,jason55@example.com,39,Male,Lenovo ThinkPad,2021-07-11,Cancellation request,Battery life,"I'm having an issue with the {product_purchased}. Please assist.

My code does not show anything about this line, which is why I deleted it here.

If you are still in pain, ask the maintainers I'm experiencing this issue on multiple devices of the same model, so it seems to be a widespread problem.",Open,,Low,Email,,,
152,Molly Wood,garciarebecca@example.org,45,Other,Xbox,2021-12-24,Refund request,Display issue,"I'm having an issue with the {product_purchased}. Please assist.

Srudmell: We're sorry, I did not make the purchase. Please help. I've noticed that the issue occurs consistently when I use a specific feature or application on my {product_purchased}.",Pending Customer Response,,Medium,Phone,2023-06-01 12:33:10,,
153,Nicole Thomas,brucebrian@example.com,46,Other,GoPro Hero,2021-10-19,Product inquiry,Account access,"I'm having an issue with the {product_purchased}. Please assist. Otherwise, your account may be lost in the future.

I apologize for this issue. This problem started occurring after the recent software update. I haven't made any other changes to the device.",Pending Customer Response,,Low,Social media,2023-06-01 15:58:11,,
154,Amy Johnson,myerszachary@example.org,58,Male,GoPro Action Camera,2020-03-12,Technical issue,Cancellation request,"I'm having an issue with the {product_purchased}. Please assist. #4: The product.

#5: {product_id}.

#6: ""Vaporizer"": {product_id}. I've tried using different cables, adapters, or peripherals with my {product_purchased}, but the issue persists.",Pending Customer Response,,Medium,Social media,2023-06-01 02:50:13,,
155,Lauren Johnson,dperkins@example.org,55,Female,Roomba Robot Vacuum,2021-06-09,Technical issue,Product recommendation,"I'm having an issue with the {product_purchased}. Please assist.

6.0.2 Bug fixes and other improvements.

6.0.1 Bug fixes and other improvements.

6.0.0 I've followed online tutorials and community forums to troubleshoot the issue, but no luck so far.",Open,,Medium,Social media,,,
156,John Terry,mcross@example.com,52,Male,HP Pavilion,2020-01-29,Cancellation request,Delivery problem,"I'm having an issue with the {product_purchased}. Please assist.

This issue is a minor cosmetic.

You must be logged in to use the site.

The admin will have 2 ways to help: I've already contacted customer support multiple times, but the issue remains unresolved.",Open,,Low,Chat,,,
157,Thomas Prince,rogergriffin@example.net,20,Male,Asus ROG,2020-12-11,Product inquiry,Delivery problem,"I'm having an issue with the {product_purchased}. Please assist. :)

There are two versions (1.1.4.29):

http://forum.xbox.com/xbox-server/show I'm concerned about the security of my {product_purchased} and would like to ensure that my data is safe.",Open,,Low,Social media,,,
